{"best_mean_auroc": 0.17678182384064736, "lr": 9.99999993922529e-09}