{"best_mean_auroc": 0.17301587301587304, "lr": 0.0010000000474974513}